0.0,0.0
1.4014014014014013,-1.5040971961776523e-51
2.8028028028028027,-2.23823936643208e-49
4.2042042042042045,-4.85719854563551e-48
5.605605605605605,7.766347431089477e-46
7.007007007007006,9.649758328375591e-45
8.408408408408409,2.46030717648624e-44
9.80980980980981,-2.6183162187676695e-43
11.21121121121121,-3.393323394211752e-42
12.612612612612612,-3.0465209141673316e-41
14.014014014014013,-1.768775644818201e-40
15.415415415415415,-6.84839326334578e-40
16.816816816816818,-1.781777465850088e-39
18.21821821821822,-1.535445723714537e-39
19.61961961961962,1.3748962165060718e-38
21.02102102102102,9.976079506863954e-38
22.42242242242242,4.1377999304445324e-37
23.823823823823822,1.2140465819416536e-36
25.225225225225223,2.4242582907654202e-36
26.626626626626624,2.1216155523467656e-36
28.028028028028025,-8.013754328553405e-36
29.42942942942943,-4.548204716614869e-35
30.83083083083083,-1.266708697185165e-34
32.232232232232235,-2.448922800518723e-34
33.633633633633636,-2.8526139612543288e-34
35.03503503503504,5.273914172162804e-35
36.43643643643644,1.3500582371223788e-33
37.83783783783784,4.459601323077648e-33
39.23923923923924,1.0307251267992128e-32
40.64064064064064,1.897264003093916e-32
42.04204204204204,2.742547461291728e-32
43.44344344344344,2.6306156690949934e-32
44.84484484484484,-4.3954421253371524e-33
46.246246246246244,-9.942652046633542e-32
47.647647647647645,-3.0659052791209507e-31
49.049049049049046,-6.66833373638252e-31
50.45045045045045,-1.1656720320404253e-30
51.85185185185185,-1.657349417246043e-30
53.25325325325325,-1.800882039732325e-30
54.65465465465465,-9.4640458314893e-31
56.05605605605605,1.89160876819898e-30
57.45745745745746,8.022119606354226e-30
58.85885885885886,1.8818972740033917e-29
60.26026026026026,3.253620225307132e-29
61.66166166166166,4.810139979551604e-29
63.06306306306306,5.728119113116725e-29
64.46446446446446,5.531405086324843e-29
65.86586586586586,2.013096027163132e-29
67.26726726726727,-5.794240359146242e-29
68.66866866866866,-2.0084780784552326e-28
70.07007007007007,-4.188173462972613e-28
71.47147147147147,-6.941206737609262e-28
72.87287287287288,-1.0087200215927497e-27
74.27427427427428,-1.2458504372106417e-27
75.67567567567568,-1.3277269956114403e-27
77.07707707707708,-1.0112817039757845e-27
78.47847847847848,-6.602735650688998e-29
79.87987987987988,1.8608951520904155e-27
81.28128128128128,5.055961919635154e-27
82.68268268268268,9.77091630091782e-27
84.08408408408408,1.5901138521963817e-26
85.48548548548548,2.30741787214051e-26
86.88688688688688,2.9902940111334195e-26
88.28828828828829,3.4576520700779035e-26
89.68968968968969,3.348417729258093e-26
91.09109109109109,2.259378218051949e-26
92.49249249249249,-3.5552314993546325e-27
93.89389389389389,-5.124321559611018e-26
95.29529529529529,-1.2504262687692175e-25
96.69669669669669,-2.293931852297516e-25
98.09809809809809,-3.6073251381679863e-25
99.49949949949949,-5.1124961537780335e-25
100.9009009009009,-6.573811894552524e-25
102.3023023023023,-7.644506890409879e-25
103.7037037037037,-7.771481319812225e-25
105.10510510510511,-6.2494231619937915e-25
106.50650650650651,-2.2172544231870335e-25
107.90790790790791,5.226002545711512e-25
109.30930930930931,1.6913299752387075e-24
110.71071071071071,3.328702113207642e-24
112.11211211211211,5.42900431784513e-24
113.51351351351352,7.86727724012969e-24
114.91491491491492,1.040687482585651e-23
116.31631631631632,1.261143523078459e-23
117.71771771771772,1.385583317347357e-23
119.11911911911912,1.331682345694079e-23
120.52052052052052,1.0011171128677001e-23
121.92192192192192,2.9624149429085065e-24
123.32332332332332,-8.915621087275553e-24
124.72472472472472,-2.6190343988097208e-23
126.12612612612612,-4.9342120122104146e-23
127.52752752752752,-7.7565591670773e-23
128.9289289289289,-1.0953366158177266e-22
130.33033033033033,-1.4191167368187626e-22
131.7317317317317,-1.7025703809271034e-22
133.13313313313313,-1.8783499120598162e-22
134.53453453453454,-1.8667835594404941e-22
135.93593593593593,-1.566138644031931e-22
137.33733733733737,-8.743182964266397e-23
138.73873873873873,3.212098586928319e-23
140.14014014014015,2.0928250397461846e-22
141.54154154154153,4.499867337318282e-22
142.94294294294295,7.501903899030434e-22
144.34434434434434,1.0997424170023569e-21
145.74574574574575,1.4734681627462029e-21
147.14714714714714,1.8335785944289896e-21
148.54854854854855,2.1258700781617655e-21
149.94994994994994,2.279002782727614e-21
151.35135135135135,2.2105980146461074e-21
152.75275275275274,1.8239523121951493e-21
154.15415415415416,1.0263417157548657e-21
155.55555555555554,-2.7324861411934753e-22
156.95695695695696,-2.1364964006866708e-21
158.35835835835834,-4.591217584021493e-21
159.75975975975976,-7.602585798553835e-21
161.16116116116115,-1.1059544183502954e-20
162.56256256256256,-1.4752006574044875e-20
163.96396396396395,-1.8361832262752626e-20
165.36536536536536,-2.1438330834238358e-20
166.76676676676675,-2.343726465118655e-20
168.16816816816817,-2.3664417801982805e-20
169.56956956956955,-2.1415968285974174e-20
170.97097097097097,-1.587899281492405e-20
172.37237237237235,-6.387383508603984e-21
173.77377377377377,7.702964453976732e-21
175.17517517517516,2.667179400042638e-20
176.57657657657657,5.0548515652183335e-20
177.97797797797796,7.875832165822858e-20
179.37937937937937,1.1019254901370999e-19
180.7807807807808,1.4293930879332593e-19
182.18218218218217,1.743274010103641e-19
183.5835835835836,2.0079923115730073e-19
184.98498498498495,2.1841266612181535e-19
186.3863863863864,2.2279604287898133e-19
187.78778778778775,2.0887846773619853e-19
189.1891891891892,1.712418535420128e-19
190.59059059059055,1.081612674403353e-19
191.991991991992,1.3710050999549512e-20
193.39339339339335,-1.1697584043656513e-19
194.7947947947948,-2.858197310554601e-19
196.19619619619618,-4.776415343209187e-19
197.5975975975976,-6.976156662691984e-19
198.99899899899899,-9.423123305453866e-19
200.4004004004004,-1.196154414087931e-18
201.8018018018018,-1.4285136612077409e-18
203.2032032032032,-1.6315029232736346e-18
204.6046046046046,-1.784497634404194e-18
206.006006006006,-1.8548269278153763e-18
207.4074074074074,-1.8077792655613755e-18
208.8088088088088,-1.612235141868664e-18
210.2102102102102,-1.2298391142861089e-18
211.6116116116116,-6.641393918980594e-19
213.013013013013,1.189261559674436e-19
214.4144144144144,1.1550729955702157e-18
215.8158158158158,2.470358292939903e-18
217.2172172172172,3.925331132344283e-18
218.6186186186186,5.565149777965597e-18
220.02002002002,7.36330804651322e-18
221.4214214214214,9.242872850201397e-18
222.82282282282281,1.096412615336213e-17
224.2242242242242,1.248326047984592e-17
225.62562562562562,1.3660944052888264e-17
227.02702702702703,1.4308119040914884e-17
228.42842842842842,1.418404188642473e-17
229.82982982982983,1.307212495273732e-17
231.23123123123122,1.0704936188605403e-17
232.63263263263264,6.978530794448143e-18
234.03403403403402,1.7408117576037564e-18
235.43543543543544,-5.25674412249275e-18
236.83683683683682,-1.4197335328121098e-17
238.23823823823824,-2.4659300238848716e-17
239.63963963963963,-3.6606460589079534e-17
241.04104104104104,-4.9836403803699457e-17
242.44244244244243,-6.39456360197464e-17
243.84384384384384,-7.79110854497368e-17
245.24524524524523,-9.101082478800857e-17
246.64664664664664,-1.0212073852782502e-16
248.04804804804803,-1.0998101937438995e-16
249.44944944944945,-1.1339061497301945e-16
250.85085085085083,-1.104975368168705e-16
252.25225225225225,-9.934777421060062e-17
253.65365365365363,-7.872676257092582e-17
255.05505505505505,-4.779064863182741e-17
256.4564564564564,-4.408859851327786e-18
257.8578578578578,5.300567227932509e-17
259.25925925925924,1.2337130293319696e-16
260.6606606606607,2.062971644591074e-16
262.06206206206207,3.016513099525252e-16
263.4634634634634,4.0808917668237313e-16
264.86486486486484,5.204052600228501e-16
266.26626626626626,6.350950547298166e-16
267.6676676676677,7.466258573680481e-16
269.0690690690691,8.48103141555713e-16
270.47047047047045,9.325711355072834e-16
271.87187187187186,9.899088522581035e-16
273.2732732732733,1.00895027053682e-15
274.6746746746747,9.800426647692546e-16
276.07607607607605,8.980266477396748e-16
277.47747747747746,7.487679406839805e-16
278.8788788788789,5.20759655037459e-16
280.2802802802803,2.1278800939125883e-16
281.68168168168165,-1.7332659074598081e-16
283.08308308308307,-6.433622981704507e-16
284.4844844844845,-1.195851654445602e-15
285.8858858858859,-1.8085647950520824e-15
287.28728728728726,-2.4637384603916335e-15
288.68868868868867,-3.1389882626761996e-15
290.0900900900901,-3.801491559037678e-15
291.4914914914915,-4.403708679481698e-15
292.89289289289286,-4.894483115696891e-15
294.2942942942943,-5.209822258861081e-15
295.6956956956957,-5.2795691816378954e-15
297.0970970970971,-5.0487690126905036e-15
298.49849849849846,-4.421766927384796e-15
299.8998998998999,-3.3043314014489193e-15
301.3013013013013,-1.6227226726749916e-15
302.7027027027027,6.666621187086794e-16
304.10410410410407,3.666692176609516e-15
305.5055055055055,7.455923947951919e-15
306.9069069069069,1.2042549008261408e-14
308.3083083083083,1.742812928590082e-14
309.70970970970967,2.3639071211171126e-14
311.1111111111111,3.065726443294038e-14
312.5125125125125,3.837552109079987e-14
313.9139139139139,4.6697178486207763e-14
315.31531531531533,5.5483076885321096e-14
316.7167167167167,6.45464963688119e-14
318.1181181181181,7.373803999150537e-14
319.5195195195195,8.277541613682356e-14
320.92092092092093,9.136050774252952e-14
322.3223223223223,9.922434151267708e-14
323.7237237237237,1.0631247886345613e-13
325.1251251251251,1.1224391814386268e-13
326.52652652652654,1.1674472163690226e-13
327.9279279279279,1.198247837531637e-13
329.3293293293293,1.2173915546499367e-13
330.7307307307307,1.2240942644961244e-13
332.13213213213214,1.2203339912713114e-13
333.5335335335335,1.21515288960259e-13
334.9349349349349,1.2178757194237904e-13
336.33633633633633,1.237982894011249e-13
337.73773773773775,1.2893304163416959e-13
339.1391391391391,1.39612242140035e-13
340.5405405405405,1.580745643320305e-13
341.94194194194193,1.871510481138852e-13
343.34334334334335,2.302416268763108e-13
344.7447447447447,2.9143054821650824e-13
346.1461461461461,3.752793616008136e-13
347.54754754754754,4.870511015824571e-13
348.94894894894895,6.324819876471807e-13
350.3503503503503,8.175140314807522e-13
351.7517517517517,1.0494494393247566e-12
353.15315315315314,1.336047574524896e-12
354.55455455455456,1.6850053688333175e-12
355.9559559559559,2.1043988880614282e-12
357.35735735735733,2.6037623807142174e-12
358.75875875875874,3.1928356462638314e-12
360.16016016016016,3.88101144089201e-12
361.5615615615616,4.678611843196545e-12
362.96296296296293,5.596591050576814e-12
364.36436436436435,6.646136920450184e-12
365.76576576576576,7.84061523470424e-12
367.1671671671672,9.192222154792115e-12
368.56856856856854,1.0714243709137184e-11
369.96996996996995,1.2421742267218853e-11
371.37137137137137,1.4337720279102036e-11
372.7727727727728,1.6478659870674508e-11
374.17417417417414,1.8865635655999255e-11
375.57557557557556,2.152803000412848e-11
376.97697697697697,2.4507728040973466e-11
378.3783783783784,2.7836788166503833e-11
379.77977977977974,3.1557898074501463e-11
381.18118118118116,3.5738329299036915e-11
382.58258258258263,4.045487871795175e-11
383.983983983984,4.578026826310795e-11
385.38538538538535,5.180625360340184e-11
386.78678678678676,5.867915937391837e-11
388.18818818818824,6.653718574317614e-11
389.5895895895896,7.553792944365192e-11
390.99099099099095,8.586940250877335e-11
392.39239239239237,9.781313038751086e-11
393.79379379379384,1.1161570866652631e-10
395.1951951951952,1.2758449061891583e-10
396.59659659659656,1.4608162196764868e-10
397.99799799799797,1.675717987918276e-10
399.39939939939944,1.9250676682813836e-10
400.8008008008008,2.2142207714568925e-10
402.20220220220216,2.5494963513311074e-10
403.6036036036036,2.938246449186782e-10
405.00500500500505,3.3880900721663963e-10
406.4064064064064,3.907746634700699e-10
407.80780780780776,4.5074887149624725e-10
409.2092092092092,5.198537405886928e-10
410.61061061061065,5.992952343440566e-10
412.012012012012,6.904212690727765e-10
413.41341341341337,7.948357283006087e-10
414.8148148148148,9.141965180084449e-10
416.21621621621614,1.0503364283345998e-09
417.6176176176176,1.2052858772427497e-09
419.019019019019,1.3814806439891854e-09
420.4204204204204,1.5813391996697328e-09
421.82182182182174,1.8075899295641497e-09
423.2232232232232,2.063302958917617e-09
424.62462462462463,2.3520862695514775e-09
426.026026026026,2.6775224995468515e-09
427.42742742742735,3.0436583135457485e-09
428.8288288288288,3.4552237954464737e-09
430.23023023023023,3.9175440554184385e-09
431.6316316316316,4.436015585433828e-09
433.03303303303295,5.016729526908723e-09
434.4344344344344,5.6680199898582185e-09
435.83583583583584,6.398341582060717e-09
437.2372372372372,7.216529019249473e-09
438.63863863863855,8.13278419795149e-09
440.04004004004,9.158380963867463e-09
441.44144144144144,1.0305734289364882e-08
442.8428428428428,1.1588469450971685e-08
444.24424424424416,1.3021982002771388e-08
445.64564564564563,1.4626057624490454e-08
447.04704704704704,1.641734195731906e-08
448.4484484484484,1.841600827485364e-08
449.84984984984976,2.0643971101389857e-08
451.25125125125123,2.3124969889819136e-08
452.65265265265265,2.588465269952463e-08
454.05405405405406,2.8961520864935128e-08
455.4554554554554,3.24103815567788e-08
456.85685685685684,3.6254605163114206e-08
458.25825825825825,4.053645031469034e-08
459.65965965965967,4.5301797590906975e-08
461.061061061061,5.0600321828230275e-08
462.46246246246244,5.6485664428609536e-08
463.86386386386386,6.303979793820517e-08
465.2652652652653,7.034583879391674e-08
466.66666666666663,7.846287607052832e-08
468.06806806806804,8.747257520294969e-08
469.46946946946946,9.746296826578433e-08
470.87087087087093,1.0852872333192799e-07
472.27227227227223,1.2077141383116072e-07
473.67367367367365,1.3434320294678039e-07
475.07507507507506,1.493684223476197e-07
476.47647647647653,1.6596861477441546e-07
477.87787787787784,1.842888035975925e-07
479.27927927927925,2.044841346496432e-07
480.68068068068067,2.2672025901057075e-07
482.08208208208214,2.5117371579335183e-07
483.48348348348344,2.7806795883161457e-07
484.88488488488485,3.075950591966457e-07
486.28628628628627,3.3997029129434156e-07
487.68768768768774,3.7542600206746297e-07
489.08908908908904,4.142085322752821e-07
490.49049049049046,4.5657867142854274e-07
491.8918918918919,5.028100968303055e-07
493.29329329329335,5.531552447406091e-07
494.6946946946947,6.079359624019288e-07
496.0960960960961,6.674679687752324e-07
497.4974974974975,7.320825872067541e-07
498.89889889889884,8.021271290905362e-07
500.3003003003003,8.779652775309496e-07
501.7017017017017,9.599429502938712e-07
503.1031031031031,1.0483286699854164e-06
504.50450450450444,1.1435871877600784e-06
505.9059059059059,1.2461192884895561e-06
507.3073073073073,1.3563392558987384e-06
508.7087087087087,1.474674954565415e-06
510.11011011011004,1.6015679119199496e-06
511.5115115115115,1.7373567767985327e-06
512.9129129129129,1.8823450938285282e-06
514.3143143143143,2.0370781475595546e-06
515.7157157157156,2.20199204974473e-06
517.1171171171171,2.3775280626785823e-06
518.5185185185185,2.5641321257797782e-06
519.91991991992,2.762254382173996e-06
521.3213213213212,2.9721281515073126e-06
522.7227227227227,3.1941045309625756e-06
524.1241241241241,3.428680057588932e-06
525.5255255255255,3.676238313339358e-06
526.9269269269269,3.937153357075927e-06
528.3283283283283,4.211788551912687e-06
529.7297297297297,4.500495392558489e-06
531.1311311311312,4.803344620271134e-06
532.5325325325325,5.120668207648257e-06
533.9339339339339,5.452765630683213e-06
535.3353353353353,5.799857588562885e-06
536.7367367367367,6.162136852094288e-06
538.1381381381382,6.539766470336731e-06
539.5395395395395,6.932877977233536e-06
540.9409409409409,7.3413631948311255e-06
542.3423423423424,7.765357439602996e-06
543.7437437437437,8.204853367142084e-06
545.1451451451451,8.65979478809697e-06
546.5465465465466,9.130078889267781e-06
547.9479479479479,9.61555407044656e-06
549.3493493493494,1.0116014291454199e-05
550.7507507507507,1.0631179501014166e-05
552.1521521521521,1.1160748190747846e-05
553.5535535535536,1.1704346706225112e-05
554.9549549549549,1.2261541000026209e-05
556.3563563563563,1.2831834418541422e-05
557.7577577577578,1.3414665488770362e-05
559.1591591591591,1.4009495264062098e-05
560.5605605605606,1.4615830088233657e-05
561.961961961962,1.5232822876182383e-05
563.3633633633633,1.585969113235632e-05
564.7647647647648,1.649558539013351e-05
566.1661661661661,1.7139587556731306e-05
567.5675675675675,1.77907092581162e-05
568.968968968969,1.844832224014553e-05
570.3703703703703,1.9111669957514762e-05
571.7717717717718,1.977940491725636e-05
573.1731731731732,2.0450424973063263e-05
574.5745745745745,2.1123576179410733e-05
575.975975975976,2.1797652792868394e-05
577.3773773773773,2.247139727341223e-05
578.7787787787787,2.314435371374479e-05
580.1801801801802,2.3815328218702855e-05
581.5815815815815,2.4482861896202765e-05
582.982982982983,2.5145751743277234e-05
584.3843843843844,2.5802780506286746e-05
585.7857857857857,2.6452718980240263e-05
587.1871871871872,2.70943283081153e-05
588.5885885885886,2.772700814006695e-05
589.98998998999,2.8349375543431018e-05
591.3913913913914,2.8960243986607086e-05
592.7927927927927,2.9558512103164955e-05
594.1941941941942,3.0143102026607214e-05
595.5955955955956,3.0712963000765475e-05
596.9969969969969,3.126706831474652e-05
598.3983983983984,3.180429986738734e-05
599.7997997997998,3.232376126535168e-05
601.2012012012012,3.2824520937945026e-05
602.6026026026026,3.330568864890128e-05
604.004004004004,3.376641886294795e-05
605.4054054054054,3.42059141123707e-05
606.8068068068068,3.4623403097801554e-05
608.2082082082081,3.501809898963039e-05
609.6096096096096,3.538940550616614e-05
611.011011011011,3.5736727329661876e-05
612.4124124124124,3.605953050535405e-05
613.8138138138138,3.635734558527601e-05
615.2152152152152,3.6629770772072114e-05
616.6166166166166,3.6876457653535854e-05
618.018018018018,3.709712419160246e-05
619.4194194194193,3.72915998016958e-05
620.8208208208208,3.745977559202228e-05
622.2222222222222,3.7601624701619564e-05
623.6236236236236,3.771720536081624e-05
625.025025025025,3.780666395169132e-05
626.4264264264264,3.78695086241883e-05
627.8278278278278,3.7905715185636174e-05
629.2292292292292,3.7915836074486314e-05
630.6306306306307,3.7900139846400884e-05
632.032032032032,3.78589607985069e-05
633.4334334334334,3.779269970819298e-05
634.8348348348349,3.770182457190604e-05
636.2362362362362,3.75855390925527e-05
637.6376376376376,3.744448055666319e-05
639.039039039039,3.727927869966208e-05
640.4404404404404,3.7090320475930074e-05
641.8418418418419,3.6878012856984135e-05
643.2432432432432,3.664278047166751e-05
644.6446446446446,3.638506324633959e-05
646.0460460460461,3.610540821060156e-05
647.4474474474474,3.580424614513415e-05
648.8488488488488,3.54820639168602e-05
650.2502502502502,3.513935904153848e-05
651.6516516516516,3.477663534252556e-05
653.0530530530531,3.439440076011846e-05
654.4544544544544,3.399335065561559e-05
655.8558558558558,3.3575312351988834e-05
657.2572572572573,3.3140283326913686e-05
658.6586586586586,3.268905026003219e-05
660.06006006006,3.2222435574229657e-05
661.4614614614615,3.1741297941819694e-05
662.8628628628628,3.124653279072913e-05
664.2642642642643,3.073913939384226e-05
665.6656656656656,3.0220241556135997e-05
667.067067067067,2.9690789484484408e-05
668.4684684684685,2.9151875871965128e-05
669.8698698698698,2.8604639368867596e-05
671.2712712712712,2.805026550656961e-05
672.6726726726727,2.7489987621414274e-05
674.074074074074,2.6924225939449782e-05
675.4754754754755,2.6353550661138358e-05
676.8768768768768,2.5779623488083907e-05
678.2782782782782,2.5203509826289258e-05
679.6796796796797,2.462627389793651e-05
681.081081081081,2.4048976346274263e-05
682.4824824824825,2.347267184050437e-05
683.8838838838839,2.2896713328965207e-05
685.2852852852852,2.232208012892702e-05
686.6866866866867,2.1750161663861192e-05
688.088088088088,2.118175296962829e-05
689.4894894894894,2.0617631259162502e-05
690.8908908908909,2.00585559224717e-05
692.2922922922922,1.950526852663761e-05
693.6936936936937,1.895675633915291e-05
695.0950950950951,1.8414239899640443e-05
696.4964964964964,1.787836175555817e-05
697.8978978978979,1.7349541271268823e-05
699.2992992992993,1.6828160084178768e-05
700.7007007007006,1.631456210473772e-05
702.1021021021021,1.5809036328611777e-05
703.5035035035035,1.5311512176189287e-05
704.9049049049049,1.482238455796064e-05
706.3063063063063,1.4341804635764783e-05
707.7077077077078,1.3869882294947389e-05
709.1091091091091,1.3406686144361153e-05
710.5105105105105,1.2952243516365536e-05
711.9119119119118,1.2506773354027698e-05
713.3133133133132,1.207105651536351e-05
714.7147147147147,1.1644567888195308e-05
716.1161161161161,1.1227306150726785e-05
717.5175175175175,1.0819240104809295e-05
718.918918918919,1.0420308675941744e-05
720.3203203203203,1.003042091327083e-05
721.7217217217217,9.6500224417293e-06
723.1231231231233,9.27969582831011e-06
724.5245245245244,8.918840888562976e-06
725.9259259259259,8.567430695309435e-06
727.3273273273273,8.225423549119436e-06
728.7287287287287,7.892762978310999e-06
730.1301301301302,7.5693777389501815e-06
731.5315315315315,7.255598422596289e-06
732.9329329329329,6.951480258843348e-06
734.3343343343345,6.656783384440729e-06
735.7357357357356,6.371469001546064e-06
737.1371371371371,6.095490962283576e-06
738.5385385385385,5.828795768744613e-06
739.9399399399399,5.57132257298737e-06
741.3413413413411,5.322476582068366e-06
742.7427427427427,5.082387568194706e-06
744.1441441441441,4.851102837512333e-06
745.5455455455457,4.6285484740437434e-06
746.9469469469469,4.414650561811604e-06
748.3483483483483,4.209335184838418e-06
749.7497497497498,4.0125284271467646e-06
751.1511511511512,3.822705421477113e-06
752.5525525525524,3.640589046932456e-06
753.9539539539539,3.466064896574436e-06
755.3553553553553,3.298979997453317e-06
756.7567567567567,3.1391813766192465e-06
758.1581581581581,2.986516061122391e-06
759.5595595595595,2.840686416997525e-06
760.960960960961,2.700612721717169e-06
762.3623623623624,2.566733258775789e-06
763.7637637637638,2.438834797182173e-06
765.1651651651651,2.3167041059450844e-06
766.5665665665665,2.200127954073302e-06
767.9679679679679,2.0888931105756015e-06
769.3693693693693,1.9827372287456364e-06
770.7707707707707,1.8813534946165131e-06
772.1721721721722,1.7845988478113523e-06
773.5735735735736,1.6922511581169722e-06
774.974974974975,1.6040882953201884e-06
776.3763763763764,1.5198881292078044e-06
777.7777777777777,1.4394285295666284e-06
779.1791791791791,1.3628146205782497e-06
780.5805805805805,1.2900165391416744e-06
781.9819819819819,1.2205999051266426e-06
783.3833833833834,1.1543794687185668e-06
784.7847847847848,1.0911699801028776e-06
786.1861861861862,1.0307861894650032e-06
787.5875875875876,9.730428469903632e-07
788.9889889889889,9.182118465538308e-07
790.3903903903903,8.6615204486269e-07
791.7917917917918,8.166031407636774e-07
793.1931931931931,7.694660150170186e-07
794.5945945945946,7.246484818795984e-07
795.995995995996,6.820652891049884e-07
797.3973973973974,6.416381179434341e-07
798.7987987987988,6.033238607783528e-07
800.2002002002001,5.670497826593077e-07
801.6016016016015,5.327590598757223e-07
803.003003003003,5.004052044140866e-07
804.4044044044043,4.699489867927003e-07
805.8058058058058,4.413584360616535e-07
807.2072072072073,4.145882005817824e-07
808.6086086086086,3.8919830742359505e-07
810.01001001001,3.653830698494125e-07
811.4114114114113,3.430875429840976e-07
812.8128128128127,3.2225962765787387e-07
814.2142142142142,3.028500704063241e-07
815.6156156156156,2.848124634703952e-07
817.017017017017,2.6803375443232356e-07
818.4184184184182,2.522206227536672e-07
819.8198198198198,2.3746458825215327e-07
821.2212212212212,2.2368955282726482e-07
822.6226226226225,2.1081883196491365e-07
824.024024024024,1.9877515473745042e-07
825.4254254254254,1.874806638036661e-07
826.8268268268268,1.768880453328617e-07
828.2282282282283,1.669590233265819e-07
829.6296296296294,1.5759070228955562e-07
831.031031031031,1.48713017165684e-07
832.4324324324324,1.4025615095746934e-07
833.8338338338338,1.321505347259994e-07
835.2352352352352,1.243268475909542e-07
836.6366366366366,1.1689743040993115e-07
838.038038038038,1.0986270281868405e-07
839.4394394394395,1.0309933057854814e-07
840.8408408408407,9.657899174854908e-08
842.2422422422422,9.027685696295566e-08
843.6436436436436,8.417158943129196e-08
845.045045045045,7.824534493832652e-08
846.4464464464464,7.274591308879671e-08
847.8478478478478,6.756298686191289e-08
849.2492492492493,6.262489081386711e-08
850.6506506506507,5.792087847265128e-08
852.0520520520519,5.344020336625789e-08
853.4534534534534,4.9172119022675866e-08
854.8548548548548,4.510587896989881e-08
856.2562562562562,4.121904796572116e-08
857.6576576576576,3.7540042420440246e-08
859.059059059059,3.406962758876249e-08
860.4604604604605,3.0807803470687315e-08
861.8618618618619,2.7754570066215035e-08
863.2632632632631,2.4909927375346295e-08
864.6646646646647,2.227387539807952e-08
866.066066066066,1.984641413441604e-08
867.4674674674674,1.7627543584355405e-08
868.8688688688688,1.561726374789746e-08
870.2702702702702,1.3815574625042539e-08
871.6716716716717,1.2222476215790345e-08
873.0730730730731,1.0837968520141033e-08
874.4744744744743,9.49040576653986e-09
875.8758758758759,7.952646284899894e-09
877.2772772772772,6.548890753991583e-09
878.6786786786786,5.279139173814665e-09
880.08008008008,4.143391544369053e-09
881.4814814814814,3.141647865654935e-09
882.8828828828829,2.2739081376721442e-09
884.2842842842844,1.5401723604207688e-09
885.6856856856856,9.404405339008963e-10
887.0870870870871,4.747126581123302e-10
888.4884884884884,1.4298873305520118e-10
889.8898898898898,-5.4731241270533724e-11
891.2912912912913,-1.1844726486487473e-10
892.6926926926926,-4.815933772781155e-11
894.0940940940941,-2.6828172423884914e-10
895.4954954954953,-6.149449319494407e-10
896.8968968968968,-9.131045386894551e-10
898.2982982982983,-1.162760544458832e-09
899.6996996996996,-1.3639129492575574e-09
901.1011011011011,-1.5165617530856636e-09
902.5025025025025,-1.6207069559431262e-09
903.9039039039038,-1.6763485578299588e-09
905.3053053053054,-1.6834865587461595e-09
906.7067067067065,-1.642120958691736e-09
908.1081081081081,-1.552251757666662e-09
909.5095095095095,-1.4138789556709687e-09
910.9109109109108,-1.227002552704646e-09
912.3123123123123,-1.007756792013666e-09
913.7137137137137,-1.033720331868738e-09
915.115115115115,-1.0531965582271797e-09
916.5165165165166,-1.0661854710889925e-09
917.9179179179177,-1.0726870704541721e-09
919.3193193193193,-1.0727013563227226e-09
920.7207207207207,-1.066228328694642e-09
922.122122122122,-1.053267987569931e-09
923.5235235235235,-1.0338203329485881e-09
924.9249249249249,-1.0078853648306162e-09
926.3263263263262,-9.75463083216014e-10
927.7277277277278,-9.365534881047746e-10
929.129129129129,-8.911565794969186e-10
930.5305305305305,-8.392723573924165e-10
931.9319319319319,-8.016754513985847e-10
933.3333333333333,-7.909597657518896e-10
934.7347347347347,-7.802440801051938e-10
936.1361361361361,-7.695283944584986e-10
937.5375375375374,-7.588127088118035e-10
938.938938938939,-7.480970231651068e-10
940.3403403403402,-7.373813375184135e-10
941.7417417417417,-7.266656518717166e-10
943.1431431431431,-7.159499662250215e-10
944.5445445445445,-7.052342805783265e-10
945.9459459459459,-6.945185949316306e-10
947.3473473473473,-6.838029092849354e-10
948.7487487487488,-6.730872236382395e-10
950.1501501501502,-6.623715379915435e-10
951.5515515515514,-6.516558523448503e-10
952.952952952953,-6.409401666981535e-10
954.3543543543543,-6.302244810514584e-10
955.7557557557557,-6.195087954047632e-10
957.1571571571571,-6.087931097580674e-10
958.5585585585585,-5.980774241113722e-10
959.95995995996,-5.873617384646763e-10
961.3613613613614,-5.766460528179803e-10
962.7627627627626,-5.659303671712871e-10
964.1641641641642,-5.552146815245902e-10
965.5655655655655,-5.444989958778952e-10
966.9669669669669,-5.337833102312001e-10
968.3683683683684,-5.230676245845042e-10
969.7697697697697,-5.129165701872897e-10
971.1711711711712,-5.060709994931589e-10
972.5725725725727,-4.992254287990281e-10
973.9739739739739,-4.923798581048985e-10
975.3753753753754,-4.855342874107677e-10
976.7767767767767,-4.786887167166375e-10
978.1781781781782,-4.718431460225067e-10
979.5795795795796,-4.6499757532837654e-10
980.9809809809809,-4.5815200463424633e-10
982.3823823823824,-4.5130643394011555e-10
983.7837837837836,-4.444608632459859e-10
985.1851851851851,-4.3761529255185513e-10
986.5865865865866,-4.3076972185772435e-10
987.9879879879879,-4.2392415116359414e-10
989.3893893893894,-4.1707858046946336e-10
990.7907907907908,-4.102330097753331e-10
992.1921921921921,-4.0338743908120294e-10
993.5935935935937,-3.965418683870716e-10
994.9949949949948,-3.8969629769294247e-10
996.3963963963963,-3.828507269988117e-10
997.7977977977978,-3.7600515630468096e-10
999.1991991991991,-3.6915958561055075e-10
1000.6006006006006,-3.6231401491642e-10
1002.002002002002,-3.5546844422228977e-10
1003.4034034034033,-3.4862287352815956e-10
1004.8048048048049,-3.417773028340282e-10
1006.206206206206,-3.3493173213989914e-10
1007.6076076076075,-3.280861614457683e-10
1009.009009009009,-3.212405907516376e-10
1010.4104104104103,-3.1439502005750737e-10
1011.8118118118118,-3.0754944936337654e-10
1013.2132132132132,-3.0070387866924633e-10
1014.6146146146145,-2.938583079751161e-10
1016.0160160160161,-2.870127372809848e-10
1017.4174174174173,-2.801671665868557e-10
1018.8188188188187,-2.7332159589272497e-10
1020.2202202202202,-2.6647602519859414e-10
1021.6216216216216,-2.5963045450446393e-10
1023.023023023023,-2.527848838103332e-10
1024.4244244244244,-2.45939313116203e-10
1025.8258258258259,-2.3909374242207216e-10
1027.227227227227,-2.3224817172794252e-10
1028.6286286286286,-2.2540260103381177e-10
1030.03003003003,-2.18557030339681e-10
1031.4314314314313,-2.1171145964555133e-10
1032.8328328328328,-2.0486588895142055e-10
1034.2342342342342,-1.980203182572898e-10
1035.6356356356357,-1.9117474756315901e-10
1037.037037037037,-1.8432917686902935e-10
1038.4384384384384,-1.774836061748986e-10
1039.83983983984,-1.7063803548076782e-10
1041.2412412412411,-1.6379246478663815e-10
1042.6426426426426,-1.569468940925074e-10
1044.044044044044,-1.5010132339837662e-10
1045.4454454454453,-1.4325575270424695e-10
1046.8468468468468,-1.398277032480507e-10
1048.2482482482483,-1.3868777862387594e-10
1049.6496496496495,-1.3754785399970138e-10
1051.051051051051,-1.3640792937552664e-10
1052.4524524524525,-1.3526800475135188e-10
1053.8538538538537,-1.341280801271773e-10
1055.2552552552552,-1.3298815550300256e-10
1056.6566566566567,-1.318482308788278e-10
1058.0580580580581,-1.3070830625465303e-10
1059.4594594594594,-1.2956838163047847e-10
1060.8608608608608,-1.284284570063037e-10
1062.2622622622623,-1.2728853238212897e-10
1063.6636636636636,-1.2614860775795439e-10
1065.065065065065,-1.2500868313377965e-10
1066.4664664664665,-1.238687585096049e-10
1067.8678678678677,-1.2272883388543033e-10
1069.2692692692692,-1.215889092612556e-10
1070.6706706706707,-1.2044898463708082e-10
1072.072072072072,-1.1930906001290624e-10
1073.4734734734734,-1.181691353887315e-10
1074.8748748748749,-1.1702921076455674e-10
1076.2762762762763,-1.1588928614038199e-10
1077.6776776776776,-1.1474936151620742e-10
1079.079079079079,-1.1360943689203265e-10
1080.4804804804805,-1.124695122678579e-10
1081.8818818818818,-1.1132958764368334e-10
1083.2832832832833,-1.1018966301950859e-10
1084.6846846846847,-1.0904973839533384e-10
1086.086086086086,-1.0790981377115926e-10
1087.4874874874874,-1.067698891469845e-10
1088.888888888889,-1.0562996452280975e-10
1090.2902902902902,-1.0449003989863518e-10
1091.6916916916916,-1.0335011527446043e-10
1093.093093093093,-1.0221019065028567e-10
1094.4944944944943,-1.0107026602611111e-10
1095.8958958958958,-9.993034140193636e-11
1097.2972972972973,-9.879041677776161e-11
1098.6986986986988,-9.765049215358686e-11
1100.1001001001,-9.651056752941227e-11
1101.5015015015015,-9.537064290523752e-11
1102.902902902903,-9.423071828106277e-11
1104.3043043043042,-9.30907936568882e-11
1105.7057057057057,-9.195086903271345e-11
1107.1071071071071,-9.081094440853869e-11
1108.5085085085084,-8.967101978436413e-11
1109.9099099099099,-8.853109516018938e-11
1111.3113113113113,-8.739117053601462e-11
1112.7127127127126,-8.625124591184005e-11
1114.114114114114,-8.511132128766529e-11
1115.5155155155155,-8.397139666349054e-11
1116.9169169169168,-8.283147203931597e-11
1118.3183183183182,-8.169154741514122e-11
1119.7197197197197,-8.055162279096647e-11
1121.1211211211212,-7.941169816679171e-11
1122.5225225225224,-7.827177354261714e-11
1123.923923923924,-7.713184891844239e-11
1125.3253253253254,-7.599192429426764e-11
1126.7267267267266,-7.485199967009307e-11
1128.128128128128,-7.371207504591831e-11
1129.5295295295296,-7.257215042174357e-11
1130.9309309309308,-7.143222579756899e-11
1132.3323323323323,-7.029230117339425e-11
1133.7337337337337,-6.915237654921948e-11
1135.135135135135,-6.801245192504491e-11
1136.5365365365365,-6.687252730087016e-11
1137.937937937938,-6.573260267669541e-11
1139.3393393393394,-6.459267805252066e-11
1140.7407407407406,-6.345275342834609e-11
1142.1421421421421,-6.231282880417134e-11
1143.5435435435436,-6.117290417999657e-11
1144.9449449449448,-6.003297955582201e-11
1146.3463463463463,-5.889305493164725e-11
1147.7477477477478,-5.77531303074725e-11
1149.149149149149,-5.661320568329793e-11
1150.5505505505505,-5.547328105912318e-11
1151.951951951952,-5.4333356434948426e-11
1153.3533533533532,-5.3193431810773856e-11
1154.7547547547547,-5.2053507186599105e-11
1156.1561561561562,-5.0913582562424353e-11
1157.5575575575574,-4.9773657938249776e-11
1158.9589589589589,-4.8633733314075025e-11
1160.3603603603603,-4.7493808689900274e-11
1161.7617617617618,-4.635388406572552e-11
1163.163163163163,-4.5213959441550946e-11
1164.5645645645645,-4.4074034817376194e-11
1165.965965965966,-4.293411019320144e-11
1167.3673673673673,-4.179418556902687e-11
1168.7687687687687,-4.065426094485212e-11
1170.1701701701702,-3.951433632067737e-11
1171.5715715715714,-3.83744116965028e-11
1172.972972972973,-3.723448707232805e-11
1174.3743743743744,-3.60945624481533e-11
1175.7757757757756,-3.4954637823978727e-11
1177.177177177177,-3.381471319980397e-11
1178.5785785785786,-3.267478857562921e-11
1179.97997997998,-3.153486395145446e-11
1181.3813813813813,-3.039493932727989e-11
1182.7827827827828,-2.925501470310514e-11
1184.1841841841842,-2.8115090078930387e-11
1185.5855855855855,-2.6975165454755816e-11
1186.986986986987,-2.5835240830581062e-11
1188.3883883883884,-2.4695316206406307e-11
1189.7897897897897,-2.3555391582231737e-11
1191.1911911911911,-2.2415466958056985e-11
1192.5925925925926,-2.127554233388223e-11
1193.9939939939939,-2.0135617709707664e-11
1195.3953953953953,-1.899569308553291e-11
1196.7967967967968,-1.7855768461358155e-11
1198.198198198198,-1.6715843837183587e-11
1199.5995995995995,-1.609956310617477e-11
1201.001001001001,-1.5996300388154192e-11
1202.4024024024025,-1.5893037670133612e-11
1203.8038038038037,-1.578977495211305e-11
1205.2052052052052,-1.568651223409247e-11
1206.6066066066066,-1.558324951607189e-11
1208.008008008008,-1.5479986798051327e-11
1209.4094094094094,-1.537672408003075e-11
1210.8108108108108,-1.527346136201017e-11
1212.212212212212,-1.5170198643989606e-11
1213.6136136136136,-1.506693592596903e-11
1215.015015015015,-1.496367320794845e-11
1216.4164164164163,-1.4860410489927886e-11
1217.8178178178177,-1.4757147771907306e-11
1219.2192192192192,-1.465388505388673e-11
1220.6206206206207,-1.4550622335866149e-11
1222.022022022022,-1.4447359617845587e-11
1223.4234234234234,-1.4344096899825008e-11
1224.8248248248249,-1.4240834181804426e-11
1226.2262262262261,-1.4137571463783864e-11
1227.6276276276276,-1.4034308745763286e-11
1229.029029029029,-1.3931046027742707e-11
1230.4304304304303,-1.3827783309722143e-11
1231.8318318318318,-1.3724520591701565e-11
1233.2332332332332,-1.3621257873680985e-11
1234.6346346346345,-1.3517995155660423e-11
1236.036036036036,-1.3414732437639843e-11
1237.4374374374374,-1.3311469719619264e-11
1238.8388388388387,-1.3208207001598702e-11
1240.2402402402402,-1.3104944283578124e-11
1241.6416416416416,-1.3001681565557542e-11
1243.043043043043,-1.2898418847536964e-11
1244.4444444444443,-1.2795156129516401e-11
1245.8458458458458,-1.2691893411495823e-11
1247.2472472472473,-1.2588630693475243e-11
1248.6486486486485,-1.248536797545468e-11
1250.05005005005,-1.23821052574341e-11
1251.4514514514515,-1.2278842539413522e-11
1252.8528528528527,-1.217557982139296e-11
1254.2542542542542,-1.207231710337238e-11
1255.6556556556557,-1.1969054385351801e-11
1257.057057057057,-1.1865791667331239e-11
1258.4584584584584,-1.1762528949310659e-11
1259.8598598598599,-1.1659266231290079e-11
1261.2612612612613,-1.15560035132695e-11
1262.6626626626626,-1.1452740795248938e-11
1264.064064064064,-1.134947807722836e-11
1265.4654654654655,-1.1246215359207778e-11
1266.8668668668668,-1.1142952641187216e-11
1268.2682682682682,-1.1039689923166638e-11
1269.6696696696697,-1.0936427205146059e-11
1271.071071071071,-1.0833164487125497e-11
1272.4724724724724,-1.0729901769104917e-11
1273.873873873874,-1.0626639051084337e-11
1275.2752752752751,-1.0523376333063774e-11
1276.6766766766766,-1.0420113615043196e-11
1278.078078078078,-1.0316850897022616e-11
1279.4794794794793,-1.0213588179002054e-11
1280.8808808808808,-1.0110325460981475e-11
1282.2822822822823,-1.0007062742960895e-11
1283.6836836836837,-9.903800024940315e-12
1285.085085085085,-9.800537306919753e-12
1286.4864864864865,-9.697274588899175e-12
1287.887887887888,-9.594011870878596e-12
1289.2892892892892,-9.490749152858034e-12
1290.6906906906906,-9.387486434837452e-12
1292.0920920920921,-9.284223716816874e-12
1293.4934934934934,-9.180960998796312e-12
1294.8948948948948,-9.077698280775733e-12
1296.2962962962963,-8.974435562755153e-12
1297.6976976976975,-8.87117284473459e-12
1299.099099099099,-8.76791012671401e-12
1300.5005005005005,-8.664647408693432e-12
1301.901901901902,-8.561384690672852e-12
1303.3033033033032,-8.45812197265229e-12
1304.7047047047047,-8.354859254631712e-12
1306.1061061061062,-8.251596536611132e-12
1307.5075075075074,-8.14833381859057e-12
1308.9089089089089,-8.04507110056999e-12
1310.3103103103103,-7.941808382549411e-12
1311.7117117117116,-7.838545664528849e-12
1313.113113113113,-7.735282946508269e-12
1314.5145145145145,-7.63202022848769e-12
1315.9159159159158,-7.528757510467126e-12
1317.3173173173172,-7.425494792446548e-12
1318.7187187187187,-7.32223207442597e-12
1320.12012012012,-7.218969356405406e-12
1321.5215215215214,-7.115706638384826e-12
1322.922922922923,-7.012443920364248e-12
1324.3243243243244,-6.909181202343668e-12
1325.7257257257256,-6.8059184843231055e-12
1327.127127127127,-6.702655766302526e-12
1328.5285285285286,-6.599393048281947e-12
1329.9299299299298,-6.496130330261385e-12
1331.3313313313313,-6.3928676122408055e-12
1332.7327327327328,-6.2896048942202255e-12
1334.134134134134,-6.186342176199663e-12
1335.5355355355355,-6.083079458179085e-12
1336.936936936937,-5.979816740158505e-12
1338.3383383383382,-5.8765540221379425e-12
1339.7397397397397,-5.773291304117363e-12
1341.1411411411411,-5.670028586096784e-12
1342.5425425425424,-5.566765868076221e-12
1343.9439439439439,-5.4635031500556425e-12
1345.3453453453453,-5.3602404320350625e-12
1346.7467467467468,-5.256977714014484e-12
1348.148148148148,-5.153714995993921e-12
1349.5495495495495,-5.050452277973342e-12
1350.950950950951,-4.9471895599527625e-12
1352.3523523523522,-4.8439268419322e-12
1353.7537537537537,-4.740664123911621e-12
1355.1551551551552,-4.637401405891042e-12
1356.5565565565564,-4.5341386878704795e-12
1357.957957957958,-4.4308759698498995e-12
1359.3593593593594,-4.327613251829321e-12
1360.7607607607606,-4.224350533808759e-12
1362.162162162162,-4.121087815788179e-12
1363.5635635635635,-4.0178250977675995e-12
1364.964964964965,-3.91456237974702e-12
1366.3663663663663,-3.811299661726458e-12
1367.7677677677677,-3.708036943705879e-12
1369.1691691691692,-3.604774225685299e-12
1370.5705705705705,-3.501511507664737e-12
1371.971971971972,-3.3982487896441577e-12
1373.3733733733734,-3.2949860716235784e-12
1374.7747747747746,-3.1917233536030158e-12
1376.176176176176,-3.0884606355824365e-12
1377.5775775775776,-2.9851979175618573e-12
1378.9789789789788,-2.8819351995412946e-12
1380.3803803803803,-2.7786724815207158e-12
1381.7817817817818,-2.675409763500136e-12
1383.183183183183,-2.5721470454795735e-12
1384.5845845845845,-2.4688843274589942e-12
1385.985985985986,-2.365621609438415e-12
1387.3873873873874,-2.2623588914178358e-12
1388.7887887887887,-2.1590961733972735e-12
1390.1901901901902,-2.0558334553766943e-12
1391.5915915915916,-1.952570737356115e-12
1392.9929929929929,-1.8493080193355524e-12
1394.3943943943943,-1.7460453013149731e-12
1395.7957957957958,-1.642782583294394e-12
1397.197197197197,-1.5395198652738312e-12
1398.5985985985985,-1.436257147253252e-12
1400.0,-1.3329944292326728e-12
