{
  "crossoverRate": 0.8,
  "checkpointFile": "check",
  "CSV": "output.csv",
  "stopAverage": 0.99,
  "stopBest": 0.995,
  "CADETPath": "C:\\Users\\kosh_000\\cadet_build\\cadet_3\\cadet\\MS_SMKL_RELEASE\\bin\\cadet-cli.exe",
  "keepTop": 0.0,
  "resultsDir": "C:\\Users\\kosh_000\\Documents\\Visual Studio 2017\\Projects\\CADETMatch\\CADETMatch\\20170523_AMGEN\\data",
  "experiments": [
    {
      "CSV": "C:\\Users\\kosh_000\\Documents\\Visual Studio 2017\\Projects\\CADETMatch\\CADETMatch\\20170523_AMGEN\\118.csv",
      "isotherm": "/output/solution/unit_001/SOLUTION_COLUMN_OUTLET_COMP_001",
      "features": [
        {
          "name": "Large",
          "start": 6200,
          "stop": 12000,
          "type": "similarity"
        },
        {
          "name": "Small",
          "start": 3500,
          "stop": 5000,
          "type": "similarity"
        },
        {
          "name": "Derivative",
          "start": 6200,
          "stop": 12000,
          "type": "derivative_similarity"
        },
        {
          "name": "Overall",
          "start": 0,
          "stop": 14731.2,
          "type": "curve"
        }
      ],
      "HDF5": "C:\\Users\\kosh_000\\Documents\\Visual Studio 2017\\Projects\\CADETMatch\\CADETMatch\\20170523_AMGEN\\template_118.h5",
      "name": "118",
      "timeout": 100,
      "NCOL": 50,
      "NPAR": 5
    },
    {
      "CSV": "C:\\Users\\kosh_000\\Documents\\Visual Studio 2017\\Projects\\CADETMatch\\CADETMatch\\20170523_AMGEN\\72.csv",
      "isotherm": "/output/solution/unit_001/SOLUTION_COLUMN_OUTLET_COMP_001",
      "features": [
        {
          "name": "Large",
          "start": 6200,
          "stop": 12000,
          "type": "similarity"
        },
        {
          "name": "Derivative",
          "start": 6200,
          "stop": 12000,
          "type": "derivative_similarity"
        },
        {
          "name": "Overall",
          "start": 0,
          "stop": 14731.2,
          "type": "curve"
        }
      ],
      "HDF5": "C:\\Users\\kosh_000\\Documents\\Visual Studio 2017\\Projects\\CADETMatch\\CADETMatch\\20170523_AMGEN\\template_72.h5",
      "name": "72",
      "timeout": 100,
      "NCOL": 50,
      "NPAR": 5
    },
    {
      "CSV": "C:\\Users\\kosh_000\\Documents\\Visual Studio 2017\\Projects\\CADETMatch\\CADETMatch\\20170523_AMGEN\\82.csv",
      "isotherm": "/output/solution/unit_001/SOLUTION_COLUMN_OUTLET_COMP_001",
      "features": [
        {
          "name": "Large",
          "start": 6200,
          "stop": 12000,
          "type": "similarity"
        },
        {
          "name": "Derivative",
          "start": 6200,
          "stop": 12000,
          "type": "derivative_similarity"
        },
        {
          "name": "Overall",
          "start": 0,
          "stop": 14731.2,
          "type": "curve"
        }
      ],
      "HDF5": "C:\\Users\\kosh_000\\Documents\\Visual Studio 2017\\Projects\\CADETMatch\\CADETMatch\\20170523_AMGEN\\template_82.h5",
      "name": "82",
      "timeout": 100,
      "NCOL": 50,
      "NPAR": 5
    },
    {
      "CSV": "C:\\Users\\kosh_000\\Documents\\Visual Studio 2017\\Projects\\CADETMatch\\CADETMatch\\20170523_AMGEN\\93.csv",
      "isotherm": "/output/solution/unit_001/SOLUTION_COLUMN_OUTLET_COMP_001",
      "features": [
        {
          "name": "Large",
          "start": 6200,
          "stop": 12000,
          "type": "similarity"
        },
        {
          "name": "Derivative",
          "start": 6200,
          "stop": 12000,
          "type": "derivative_similarity"
        },
        {
          "name": "Overall",
          "start": 0,
          "stop": 14731.2,
          "type": "curve"
        }
      ],
      "HDF5": "C:\\Users\\kosh_000\\Documents\\Visual Studio 2017\\Projects\\CADETMatch\\CADETMatch\\20170523_AMGEN\\template_93.h5",
      "name": "93",
      "timeout": 100,
      "NCOL": 50,
      "NPAR": 5
    }
  ],
  "generations": 100,
  "keep": 0.99,
  "mutationRate": 0.05,
  "parameters": [
    {
      "name": "KA",
      "transform": "rate",
      "component": 1,
      "bound": [ 0, 1 ],
      "location": [ "/input/model/unit_001/adsorption/MSSMA_KA" ],
      "min": [ 1.76e30, 1e27 ],
      "max": [ 1.76e30, 1e27 ]
    },
    {
      "name": "KEQ",
      "transform": "keq",
      "component": 1,
      "bound": [ 0, 1 ],
      "location": [ "/input/model/unit_001/adsorption/MSSMA_KA", "/input/model/unit_001/adsorption/MSSMA_KD" ],
      "min": [ 4.7e-7, 2.9e-6 ],
      "max": [ 4.7e-7, 2.9e-6 ]
    },
    {
      "name": "NU",
      "transform": "none",
      "component": 1,
      "bound": [ 0, 1 ],
      "location": [ "/input/model/unit_001/adsorption/MSSMA_NU" ],
      "min": [ 13.596, 20.374 ],
      "max": [ 13.596, 20.374 ]
    },
    {
      "name": "SIGMA",
      "transform": "none",
      "component": 1,
      "bound": [ 0, 1 ],
      "location": [ "/input/model/unit_001/adsorption/MSSMA_SIGMA" ],
      "min": [ 49.891, 67.551 ],
      "max": [ 49.891, 67.551 ]
    },
    {
      "name": "RATE",
      "transform": "rate",
      "component": 1,
      "bound": [ 1, 2 ],
      "location": [ "/input/model/unit_001/adsorption/MSSMA_RATES" ],
      "min": [ 2e32, 40009 ],
      "max": [ 2e32, 40009 ]
    }

  ],
  "population": 400
}