{
  "crossoverRate": 0.8,
  "searchMethod": "SPEA2",
  "checkpointFile": "check",
  "CSV": "output.csv",
  "stopAverage": 0.99,
  "stopBest": 0.995,
  "CADETPath": "C:\\Users\\kosh_000\\cadet_build\\CADET\\MS_SMKL_RELEASE\\bin\\cadet-cli.exe",
  "keepTop": 0.999,
  "resultsDir": "C:\\Users\\kosh_000\\Documents\\Visual Studio 2017\\Projects\\CADETMatch\\CADETMatch\\20170511_LANGMUIR",
  "gradCheck": 0.999,
  "experiments": [
    {
      "CSV": "C:\\Users\\kosh_000\\Desktop\\CADETMatch\\LANG2\\langmuir_2a.csv",
      "isotherm": "/output/solution/unit_001/SOLUTION_COLUMN_OUTLET_COMP_000",
      "features": [
        {
          "name": "Primary",
          "start": 0,
          "stop": 30000,
          "type": "similarity"
        },
        {
          "name": "Derivative",
          "start": 0,
          "stop": 30000,
          "type": "derivative_similarity"
        }
      ],
      "HDF5": "C:\\Users\\kosh_000\\Desktop\\CADETMatch\\LANG2\\langmuir_2a.h5",
      "name": "MatchA",
      "timeout": 10,
      "NCOL": 16,
      "NPAR": 4
    },
    {
      "CSV": "C:\\Users\\kosh_000\\Desktop\\CADETMatch\\LANG2\\langmuir_2b.csv",
      "isotherm": "/output/solution/unit_001/SOLUTION_COLUMN_OUTLET_COMP_000",
      "features": [
        {
          "name": "Primary",
          "start": 0,
          "stop": 30000,
          "type": "similarity"
        },
        {
          "name": "Derivative",
          "start": 0,
          "stop": 30000,
          "type": "derivative_similarity"
        }
      ],
      "HDF5": "C:\\Users\\kosh_000\\Desktop\\CADETMatch\\LANG2\\langmuir_2b.h5",
      "name": "MatchB",
      "timeout": 10,
      "NCOL": 16,
      "NPAR": 4
    },
    {
      "CSV": "C:\\Users\\kosh_000\\Desktop\\CADETMatch\\LANG2\\langmuir_2c.csv",
      "isotherm": "/output/solution/unit_001/SOLUTION_COLUMN_OUTLET_COMP_000",
      "features": [
        {
          "name": "Primary",
          "start": 0,
          "stop": 30000,
          "type": "breakthrough"
        },
        {
          "name": "Derivative",
          "start": 0,
          "stop": 30000,
          "type": "derivative_similarity"
        }
      ],
      "HDF5": "C:\\Users\\kosh_000\\Desktop\\CADETMatch\\LANG2\\langmuir_2c.h5",
      "name": "MatchC",
      "timeout": 10,
      "NCOL": 16,
      "NPAR": 4
    }
  ],
  "generations": 100,
  "keep": 0.2,
  "mutationRate": 0.10,
  "parameters": [
    {
      "transform": "keq",
      "component": 0,
      "bound": [ 0 ],
      "location": [ "/input/model/unit_001/adsorption/MCL_KA", "/input/model/unit_001/adsorption/MCL_KD" ],
      "minKA": [ 1.13 ],
      "maxKA": [ 1.15 ],
      "minKEQ": [ 56 ],
      "maxKEQ": [ 58 ]
    },
    {
      "transform": "log",
      "component": 0,
      "bound": [ 0 ],
      "location": "/input/model/unit_001/adsorption/MCL_QMAX",
      "min": [ 12.5 ],
      "max": [ 13.5 ]
    },
    {
      "transform": "keq",
      "component": 1,
      "bound": [ 0 ],
      "location": [ "/input/model/unit_001/adsorption/MCL_KA", "/input/model/unit_001/adsorption/MCL_KD" ],
      "minKA": [ 2.27 ],
      "maxKA": [ 2.29 ],
      "minKEQ": [ 113 ],
      "maxKEQ": [ 115 ]
    },
    {
      "transform": "log",
      "component": 1,
      "bound": [ 0 ],
      "location": "/input/model/unit_001/adsorption/MCL_QMAX",
      "min": [ 19.5 ],
      "max": [ 20.5 ]
    }
  ],
  "population": 20
}