{
  "crossoverRate": 0.8,
  "checkpointFile": "check",
  "CSV": "output.csv",
  "stopAverage": 0.99,
  "stopBest": 0.995,
  "CADETPath": "C:\\Users\\kosh_000\\cadet_build\\cadet_3\\cadet\\MS_SMKL_RELEASE\\bin\\cadet-cli.exe",
  "keepTop": 0.0,
  "resultsDir": "C:\\Users\\kosh_000\\Documents\\Visual Studio 2017\\Projects\\CADETMatch\\CADETMatch\\20171105_MSSMA_Match",
  "experiments": [
    {
      "CSV": "F:\\Train\\20170502\\match.csv",
      "isotherm": "/output/solution/unit_001/SOLUTION_COLUMN_OUTLET_COMP_001",
      "features": [
        {
          "name": "Large",
          "start": 6200,
          "stop": 12000,
          "type": "similarity"
        },
        {
          "name": "Small",
          "start": 3500,
          "stop": 5000,
          "type": "similarity"
        },
        {
          "name": "Derivative",
          "start": 6200,
          "stop": 12000,
          "type": "derivative_similarity"
        },
        {
          "name": "Overall",
          "start": 0,
          "stop": 14731.2,
          "type": "curve"
        }
      ],
      "HDF5": "F:\\Train\\20170502\\match.h5",
      "name": "Match",
      "timeout": 100,
      "NCOL": 50,
      "NPAR": 5
    }
  ],
  "generations": 100,
  "keep": 0.2,
  "mutationRate": 0.05,
  "parameters": [
    {
      "name": "KA",
      "transform": "rate",
      "component": 1,
      "bound": [ 0, 1 ],
      "location": [ "/input/model/unit_001/adsorption/MSSMA_KA" ],
      "min": [ 1e30, 1e27 ],
      "max": [ 2e30, 2e27 ]
    },
    {
      "name": "KEQ",
      "transform": "keq",
      "component": 1,
      "bound": [ 0, 1 ],
      "location": [ "/input/model/unit_001/adsorption/MSSMA_KA", "/input/model/unit_001/adsorption/MSSMA_KD" ],
      "min": [ 1e-7, 2e-6 ],
      "max": [ 5e-7, 3e-6 ]
    },
    {
      "name": "NU",
      "transform": "none",
      "component": 1,
      "bound": [ 0, 1 ],
      "location": [ "/input/model/unit_001/adsorption/MSSMA_NU" ],
      "min": [ 13.4, 20.3 ],
      "max": [ 13.6, 20.4 ]
    },
    {
      "name": "SIGMA",
      "transform": "none",
      "component": 1,
      "bound": [ 0, 1 ],
      "location": [ "/input/model/unit_001/adsorption/MSSMA_SIGMA" ],
      "min": [ 49.8, 67.5 ],
      "max": [ 49.9, 67.6 ]
    },
    {
      "name": "RATE",
      "transform": "rate",
      "component": 1,
      "bound": [ 1, 2 ],
      "location": [ "/input/model/unit_001/adsorption/MSSMA_RATES" ],
      "min": [ 2e32, 40000 ],
      "max": [ 4e32, 45000 ]
    }

  ],
  "population": 1
}