{
  "crossoverRate": 0.8,
  "checkpointFile": "check",
  "CSV": "output.csv",
  "stopAverage": 0.99,
  "stopBest": 0.995,
  "CADETPath": "C:\\Users\\kosh_000\\cadet_build\\cadet_3\\cadet\\MS_SMKL_RELEASE\\bin\\cadet-cli.exe",
  "keepTop": 0.0,
  "resultsDir": "C:\\Users\\kosh_000\\Documents\\Visual Studio 2017\\Projects\\CADETMatch\\CADETMatch\\20171105_SMA_Match",
  "experiments": [
    {
      "CSV": "F:\\Train\\SMA\\20170504b\\match.csv",
      "isotherm": "/output/solution/unit_001/SOLUTION_COLUMN_OUTLET_COMP_001",
      "features": [
        {
          "name": "Primary",
          "start": 700,
          "stop": 1500,
          "type": "similarity"
        },
        {
          "name": "Derivative",
          "start": 700,
          "stop": 1500,
          "type": "derivative_similarity"
        },
        {
          "name": "Overall",
          "start": 0,
          "stop": 1500,
          "type": "curve"
        }
      ],
      "HDF5": "F:\\Train\\SMA\\20170504b\\match.h5",
      "name": "Match",
      "timeout": 30,
      "NCOL": 32,
      "NPAR": 16
    }
  ],
  "generations": 100,
  "keep": 0.2,
  "mutationRate": 0.05,
  "parameters": [
    {
      "name": "KA",
      "transform": "rate",
      "component":  1,
      "bound": [ 0 ],
      "location": [ "/input/model/unit_001/adsorption/SMA_KA" ],
      "min": [ 35 ],
      "max": [ 36 ]
    },
    {
      "name": "KEQ",
      "transform": "keq",
      "component": 1,
      "bound": [ 0 ],
      "location": [ "/input/model/unit_001/adsorption/SMA_KA", "/input/model/unit_001/adsorption/SMA_KD" ],
      "min": [ 0.03 ],
      "max": [ 0.04 ]
    },
    {
      "name": "NU",
      "transform": "none",
      "component": 1,
      "bound": [ 0 ],
      "location": [ "/input/model/unit_001/adsorption/SMA_NU" ],
      "min": [ 4.6 ],
      "max": [ 4.8 ]
    },
    {
      "name": "SIGMA",
      "transform": "none",
      "component": 1,
      "bound": [ 0 ],
      "location": [ "/input/model/unit_001/adsorption/SMA_SIGMA" ],
      "min": [ 11.7 ],
      "max": [ 11.9 ]
    }

  ],
  "population": 1
}