{
  "crossoverRate": 0.8,
  "searchMethod": "SPEA2",
  "checkpointFile": "check",
  "CSV": "output.csv",
  "stopAverage": 0.99,
  "stopBest": 0.995,
  "CADETPath": "C:\\Users\\kosh_000\\cadet_build\\cadet_3\\cadet\\MS_SMKL_RELEASE\\bin\\cadet-cli.exe",
  "keepTop": 0.999,
  "resultsDir": "C:\\Users\\kosh_000\\Documents\\Visual Studio 2017\\Projects\\CADETMatch\\CADETMatch\\20170514_SMABREAK",
  "resultsGradDir": "C:\\Users\\kosh_000\\Documents\\Visual Studio 2017\\Projects\\CADETMatch\\CADETMatch\\20170514_SMABREAK\\grad",
  "experiments": [
    {
      "CSV": "F:\\Train\\CADETMatch\\20170514_SMABREAK\\match.csv",
      "isotherm": "/output/solution/unit_001/SOLUTION_COLUMN_OUTLET_COMP_001",
      "features": [
        {
          "name": "Primary",
          "start": 700,
          "stop": 1500,
          "type": "similarity"
        },
        {
          "name": "Derivative",
          "start": 700,
          "stop": 1500,
          "type": "derivative_similarity"
        },
        {
          "name": "Overall",
          "start": 0,
          "stop": 1500,
          "type": "curve"
        }
      ],
      "HDF5": "F:\\Train\\CADETMatch\\20170514_SMABREAK\\match.h5",
      "name": "Match",
      "timeout": 30,
      "NCOL": 32,
      "NPAR": 16
    },
    {
      "CSV": "F:\\Train\\CADETMatch\\20170514_SMABREAK\\sma_1b.csv",
      "isotherm": "/output/solution/unit_001/SOLUTION_COLUMN_OUTLET_COMP_001",
      "features": [
        {
          "name": "Primary",
          "start": 100,
          "stop": 1000,
          "type": "similarity"
        },
        {
          "name": "Derivative",
          "start": 100,
          "stop": 1000,
          "type": "derivative_similarity"
        },
        {
          "name": "Overall",
          "start": 0,
          "stop": 1500,
          "type": "curve"
        }
      ],
      "HDF5": "F:\\Train\\CADETMatch\\20170514_SMABREAK\\sma_1b.h5",
      "name": "Break",
      "timeout": 30,
      "NCOL": 32,
      "NPAR": 16
    }
  ],
  "generations": 100,
  "keep": 0.2,
  "mutationRate": 0.05,
  "parameters": [
    {
      "transform": "keq",
      "component": 1,
      "bound": [ 0 ],
      "location": [ "/input/model/unit_001/adsorption/SMA_KA", "/input/model/unit_001/adsorption/SMA_KD" ],
      "minKEQ": [ 1e-2 ],
      "maxKEQ": [ 1e-1 ],
      "minKA": [ 35 ],
      "maxKA": [ 36 ]
    },
    {
      "transform": "log",
      "component": 1,
      "bound": [ 0 ],
      "location": "/input/model/unit_001/adsorption/SMA_NU",
      "min": [ 4 ],
      "max": [ 5 ]
    },
    {
      "transform": "log",
      "component": 1,
      "bound": [ 0 ],
      "location": "/input/model/unit_001/adsorption/SMA_SIGMA",
      "min": [ 11 ],
      "max": [ 12 ]
    }

  ],
  "population": 20
}
